{"cameraMode":{"drawMode":0,"name":"Shaded","section":"Shading Mode"},"sceneLighting":false,"audioPlay":false,"sceneViewState":{"m_AlwaysRefresh":false,"showFog":true,"showSkybox":false,"showFlares":true,"showImageEffects":true,"showParticleSystems":true,"showVisualEffectGraphs":true,"m_FxEnabled":true},"in2DMode":false,"pivot":{"x":0.011187553405761719,"y":0.2387048900127411,"z":-0.05389741063117981},"rotation":{"x":-0.14285564422607423,"y":0.6834985613822937,"z":-0.1390497386455536,"w":-0.7022144794464111},"size":0.5877882838249207,"orthographic":false}